{
  "n_rows": 600648,
  "n_cols": 24,
  "text_column": "review_text",
  "label_column": "sentiment_3c",
  "class_distribution": {
    "NEG": 62005,
    "NEU": 43944,
    "POS": 494699
  },
  "len_words_stats": {
    "count": 600648.0,
    "mean": 59.270301407812894,
    "std": 42.954060241906205,
    "min": 1.0,
    "25%": 31.0,
    "50%": 49.0,
    "75%": 75.0,
    "max": 974.0
  },
  "len_chars_stats": {
    "count": 600648.0,
    "mean": 313.01093152728384,
    "std": 227.73264316151887,
    "min": 2.0,
    "25%": 162.0,
    "50%": 258.0,
    "75%": 396.0,
    "max": 5508.0
  },
  "duplicates_text_pct": 0.15353917768809686
}