{
  "accuracy": 0.8976114897112033,
  "precision_macro": 0.7528442052424703,
  "recall_macro": 0.8560101087672223,
  "f1_macro": 0.7833942978912433,
  "f1_negative": 0.8559661977857411,
  "f1_neutral": 0.5428600971978079,
  "f1_positive": 0.9513565986901806
}