,negative,neutral,positive
negative,0.0,0.0,0.0
neutral,0.0,0.0,0.0
positive,0.004953367292951548,0.06568579089020035,0.9293608418168481
