{
  "NEG": {
    "precision": 0.5430711610486891,
    "recall": 0.7880434782608695,
    "f1-score": 0.6430155210643016,
    "support": 184.0
  },
  "NEU": {
    "precision": 0.038461538461538464,
    "recall": 0.005988023952095809,
    "f1-score": 0.010362694300518137,
    "support": 167.0
  },
  "POS": {
    "precision": 0.9302870533099004,
    "recall": 0.9630078835657975,
    "f1-score": 0.9463647199046483,
    "support": 1649.0
  },
  "accuracy": 0.867,
  "macro avg": {
    "precision": 0.5039399176067093,
    "recall": 0.5856797952595877,
    "f1-score": 0.5332476450898227,
    "support": 2000.0
  },
  "weighted avg": {
    "precision": 0.8201957607320307,
    "recall": 0.867,
    "f1-score": 0.8403004244733916,
    "support": 2000.0
  }
}