,negative,neutral,positive
negative,0.0,0.0,0.0
neutral,0.0,0.0,0.0
positive,0.0050888308979703464,0.06697269513787894,0.9279384739641507
