{
  "accuracy": 0.9293608418168481,
  "precision_macro": 0.3333333333333333,
  "recall_macro": 0.3097869472722827,
  "f1_macro": 0.3211290916224477,
  "precision_negative": 0.0,
  "recall_negative": 0.0,
  "f1_negative": 0.0,
  "precision_neutral": 0.0,
  "recall_neutral": 0.0,
  "f1_neutral": 0.0,
  "precision_positive": 1.0,
  "recall_positive": 0.9293608418168481,
  "f1_positive": 0.963387274867343
}